No,Search Term,Job Title,Company,Location,Apply Link
1,"data analyst","Data Analyst","S&P Global Market Intelligence","India","https://www.foundit.in/job/data-analyst-sp-global-market-intelligence-india-48313313"
2,"data analyst","Data Analyst (Chinese Language Expert)","S&P Global Market Intelligence","India","https://www.foundit.in/job/data-analyst-chinese-language-expert-sp-global-market-intelligence-india-48229846"
3,"data analyst","Walk-In Drive For Supply Chain Data Analyst on 26th March at Bangalore","Infosys BPM","Bengaluru, India","https://www.foundit.in/job/walkin-drive-for-supply-chain-data-analyst-on-26th-march-at-bangalore-infosys-bpm-bengaluru-india-48241172"
4,"data analyst","Data Analyst","UK.COM","India","https://www.foundit.in/job/data-analyst-ukcom-india-48392803"
5,"data analyst","Data Analyst","Target","Bengaluru, India","https://www.foundit.in/job/data-analyst-target-bengaluru-india-48394919"
6,"data analyst","Data Analyst","scry ai","Delhi, India","https://www.foundit.in/job/data-analyst-scry-ai-delhi-india-48394665"
7,"data analyst","Senior Data Analyst","Vonage","Bengaluru, India","https://www.foundit.in/job/senior-data-analyst-vonage-bengaluru-india-48394624"
8,"data analyst","Senior Data Analyst","astro arun pandit","Noida, India","https://www.foundit.in/job/senior-data-analyst-astro-arun-pandit-noida-india-48388834"
9,"data analyst","Senior Data Analyst","Battery Smart","Gurugram, Gurugram, India","https://www.foundit.in/job/senior-data-analyst-battery-smart-gurugram-gurugram-india-48389170"
10,"data analyst","Data Analyst (Punjabi Speakers)","Peroptyx","Ludhiana, India","https://www.foundit.in/job/data-analyst-punjabi-speakers-peroptyx-ludhiana-india-48390994"
11,"data analyst","Data Analyst","S&P Global Market Intelligence","India","https://www.foundit.in/job/data-analyst-sp-global-market-intelligence-india-47939572"
12,"data analyst","Sr Data Analyst","Target","Bengaluru, India","https://www.foundit.in/job/sr-data-analyst-target-bengaluru-india-48394504"
13,"data analyst","Sr Data Analyst-2","Target","Bengaluru, India","https://www.foundit.in/job/sr-data-analyst2-target-bengaluru-india-48394500"
14,"data analyst","Senior Data Analyst (Investments)","Ameriprise Financial Services, LLC","Gurugram, Gurugram, India","https://www.foundit.in/job/senior-data-analyst-investments-ameriprise-financial-services-llc-gurugram-gurugram-india-48387729"
15,"data analyst","Data Analyst","Teamware Solutions","Bengaluru, India","https://www.foundit.in/job/data-analyst-teamware-solutions-bengaluru-india-48393990"
16,"data scientist","Data Scientist","Css Corp","Bengaluru, India","https://www.foundit.in/job/data-scientist-css-corp-bengaluru-india-48390178"
17,"data scientist","Data Scientist (Data Science & Python programming)","Gartner","Gurugram, India","https://www.foundit.in/job/data-scientist-data-science-python-programming-gartner-gurugram-india-48394890"
18,"data scientist","Analyst - Cross IB Data Scientist Client Data and Engineering","Barclays","Mumbai, India","https://www.foundit.in/job/analyst-cross-ib-data-scientist-client-data-and-engineering-barclays-mumbai-india-48392936"
19,"data scientist","Data Scientist (w/w/d) for Intellectual Property","Siemens","Bengaluru, India","https://www.foundit.in/job/data-scientist-wwd-for-intellectual-property-siemens-bengaluru-india-48392010"
20,"data scientist","Data Scientist","Capgemini","Noida, India","https://www.foundit.in/job/data-scientist-capgemini-noida-india-48393853"
21,"data scientist","Data Scientist","Cyient","Bengaluru, India","https://www.foundit.in/job/data-scientist-cyient-bengaluru-india-48236458"
22,"data scientist","Data Scientist II - Life Sciences.AI","McKinsey & Company","Gurugram, Gurugram, India","https://www.foundit.in/job/data-scientist-ii-life-sciencesai-mckinsey-company-gurugram-gurugram-india-48238761"
23,"data scientist","Data Scientist","S&P Global Market Intelligence","India","https://www.foundit.in/job/data-scientist-sp-global-market-intelligence-india-48313318"
24,"data scientist","Data Scientist 3 - Machine learning & Python","Adobe","Noida, India","https://www.foundit.in/job/data-scientist-3-machine-learning-python-adobe-noida-india-48238993"
25,"data scientist","Data Scientist","LTM","Mumbai, India","https://www.foundit.in/job/data-scientist-ltm-mumbai-india-48393137"
26,"data scientist","Data Scientist","R Systems International","India","https://www.foundit.in/job/data-scientist-r-systems-international-india-48391698"
27,"data scientist","Data Scientist","NielsenIQ","India","https://www.foundit.in/job/data-scientist-nielseniq-india-48391745"
28,"data scientist","Data Scientist","Haystack","India","https://www.foundit.in/job/data-scientist-haystack-india-48389239"
29,"data scientist","Data Scientist","Crescendo Global","Gurugram, Gurugram, India","https://www.foundit.in/job/data-scientist-crescendo-global-gurugram-gurugram-india-48393058"
30,"data scientist","Data Scientist-Artificial Intelligence","IBM","Gurugram, India","https://www.foundit.in/job/data-scientistartificial-intelligence-ibm-gurugram-india-48066435"
31,"ml engineer","AI / ML Engineer","Accenture","Bengaluru, India","https://www.foundit.in/job/ai-ml-engineer-accenture-bengaluru-india-48395065"
32,"ml engineer","AI / ML Engineer","Accenture","Bengaluru, India","https://www.foundit.in/job/ai-ml-engineer-accenture-bengaluru-india-48395438"
33,"ml engineer","AI/ML Engineer(s)-61060","Hitachi Energy","Bengaluru, India","https://www.foundit.in/job/aiml-engineers61060-hitachi-energy-bengaluru-india-48293444"
34,"ml engineer","AI / ML Engineer","Accenture","Gurugram, Gurugram, India","https://www.foundit.in/job/ai-ml-engineer-accenture-gurugram-gurugram-india-48242469"
35,"ml engineer","ML Engineer","HTC Global Services","Chennai, India","https://www.foundit.in/job/ml-engineer-htc-global-services-chennai-india-48139758"
36,"ml engineer","ML Engineer","IndusInd Bank","Gurugram, Gurugram, India","https://www.foundit.in/job/ml-engineer-indusind-bank-gurugram-gurugram-india-48063873"
37,"ml engineer","AI/ML Engineer","LogicMonitor","Bengaluru, India","https://www.foundit.in/job/aiml-engineer-logicmonitor-bengaluru-india-48388781"
38,"ml engineer","AI/ML Engineer","HCLTech","Noida, India","https://www.foundit.in/job/aiml-engineer-hcltech-noida-india-48097345"
39,"ml engineer","AI / ML Engineer","Accenture services Pvt Ltd","Pune, India","https://www.foundit.in/job/ai-ml-engineer-accenture-services-pvt-ltd-pune-india-48122838"
40,"ml engineer","Compliance Engineering - Neon Platform - AI/ML Engineer - Associate - Hyderabad","Goldman Sachs","Hyderabad, India","https://www.foundit.in/job/compliance-engineering-neon-platform-aiml-engineer-associate-hyderabad-goldman-sachs-hyderabad-india-48110068"
41,"ml engineer","Lead - ML Engineer","IndusInd Bank","Gurugram, Gurugram, India","https://www.foundit.in/job/lead-ml-engineer-indusind-bank-gurugram-gurugram-india-48068211"
42,"ml engineer","Senior Software Engineer (AI/ML Engineer)","DHL","Chennai, India","https://www.foundit.in/job/senior-software-engineer-aiml-engineer-dhl-chennai-india-48059838"
43,"ml engineer","Senior AI/ML Engineer - NLP & Generative AI","Siemens","Bengaluru","https://www.foundit.in/job/senior-aiml-engineer-nlp-generative-ai-siemens-bengaluru-34565524"
44,"ml engineer","Senior ML Engineer","arrise solutions (india) pvt. ltd.","Hyderabad, India","https://www.foundit.in/job/senior-ml-engineer-arrise-solutions-india-pvt-ltd-hyderabad-india-48236783"
45,"ml engineer","AI / ML Engineer","Accenture services Pvt Ltd","Bengaluru, India","https://www.foundit.in/job/ai-ml-engineer-accenture-services-pvt-ltd-bengaluru-india-48071535"
46,"generative ai","SAP BTP Architect with Generative AI","Capgemini","India","https://www.foundit.in/job/sap-btp-architect-with-generative-ai-capgemini-india-48393855"
47,"generative ai","Generative AI Architect-63324","Hitachi Energy","Hyderabad, India","https://www.foundit.in/job/generative-ai-architect63324-hitachi-energy-hyderabad-india-48293381"
48,"generative ai","Generative AI Engineer","Firstsource","India","https://www.foundit.in/job/generative-ai-engineer-firstsource-india-48393897"
49,"generative ai","Generative AI Engineer","HCLTech","Bengaluru, India","https://www.foundit.in/job/generative-ai-engineer-hcltech-bengaluru-india-48127755"
50,"generative ai","Generative AI Architect","Infogain","India","https://www.foundit.in/job/generative-ai-architect-infogain-india-48088835"
51,"generative ai","Generative AI Architect","Infogain","India","https://www.foundit.in/job/generative-ai-architect-infogain-india-48096510"
52,"generative ai","Generative AI Solutions Engineer","Siemens","Pune, India","https://www.foundit.in/job/generative-ai-solutions-engineer-siemens-pune-india-48126212"
53,"generative ai","Generative AI Engineer","Schneider Electric","Bengaluru, India","https://www.foundit.in/job/generative-ai-engineer-schneider-electric-bengaluru-india-48105500"
54,"generative ai","Generative AI Engineer","Zensar Technologies","Pune, India","https://www.foundit.in/job/generative-ai-engineer-zensar-technologies-pune-india-48067007"
55,"generative ai","Generative AI Architect","Siemens Healthineers","Bengaluru, India","https://www.foundit.in/job/generative-ai-architect-siemens-healthineers-bengaluru-india-48098611"
56,"generative ai","Lead AI Engineer - Generative AI & Agentic AI","Movate","Chennai, India","https://www.foundit.in/job/lead-ai-engineer-generative-ai-agentic-ai-movate-chennai-india-48117273"
57,"generative ai","Forward Deployed Engineer, Generative AI, Google Cloud","Google","Bengaluru, India","https://www.foundit.in/job/forward-deployed-engineer-generative-ai-google-cloud-google-bengaluru-india-48097653"
58,"generative ai","Forward Deployed Engineer, Generative AI, Google Cloud","Google","Bengaluru, India","https://www.foundit.in/job/forward-deployed-engineer-generative-ai-google-cloud-google-bengaluru-india-48099076"
59,"generative ai","Forward Deployed Engineer, Generative AI, Google Cloud","Google","Gurugram, Gurugram, India","https://www.foundit.in/job/forward-deployed-engineer-generative-ai-google-cloud-google-gurugram-gurugram-india-48099088"
60,"generative ai","Senior AI/ML Engineer - NLP & Generative AI","Siemens","Bengaluru","https://www.foundit.in/job/senior-aiml-engineer-nlp-generative-ai-siemens-bengaluru-34565524"
61,"artificial intelligence","Manager - Artificial Intelligence Engineer","Ajanta Pharma","Mumbai, India","https://www.foundit.in/job/manager-artificial-intelligence-engineer-ajanta-pharma-mumbai-india-48313273"
62,"artificial intelligence","Lead Consultant, Artificial Intelligence/Machine Learning","Genpact","Bengaluru","https://www.foundit.in/job/lead-consultant-artificial-intelligencemachine-learning-genpact-bengaluru-48271153"
63,"artificial intelligence","Lead Consultant, Artificial Intelligence/Machine Learning","Genpact","Bengaluru","https://www.foundit.in/job/lead-consultant-artificial-intelligencemachine-learning-genpact-bengaluru-48271123"
64,"artificial intelligence","Data Scientist-Artificial Intelligence","IBM","Gurugram, India","https://www.foundit.in/job/data-scientistartificial-intelligence-ibm-gurugram-india-48066435"
65,"artificial intelligence","Artificial Intelligence Engineer","Recro","Bengaluru, India","https://www.foundit.in/job/artificial-intelligence-engineer-recro-bengaluru-india-48391452"
66,"artificial intelligence","Artificial Intelligence Engineer","NextGen Healthcare","Bengaluru, India","https://www.foundit.in/job/artificial-intelligence-engineer-nextgen-healthcare-bengaluru-india-48388921"
67,"artificial intelligence","Artificial Intelligence Specialist","Crescendo Global","Gurugram, Gurugram, India","https://www.foundit.in/job/artificial-intelligence-specialist-crescendo-global-gurugram-gurugram-india-48393062"
68,"artificial intelligence","Artificial Intelligence Specialist","FastTek Global","Chennai, India","https://www.foundit.in/job/artificial-intelligence-specialist-fasttek-global-chennai-india-48393671"
69,"artificial intelligence","Lead - Artificial Intelligence","E2M","Ahmedabad, India","https://www.foundit.in/job/lead-artificial-intelligence-e2m-ahmedabad-india-48391130"
70,"artificial intelligence","Artificial Intelligence Engineer","HCLTech","Bengaluru, India","https://www.foundit.in/job/artificial-intelligence-engineer-hcltech-bengaluru-india-48133707"
71,"artificial intelligence","Artificial Intelligence Engineer","Tech Mahindra","Bengaluru, India","https://www.foundit.in/job/artificial-intelligence-engineer-tech-mahindra-bengaluru-india-48129689"
72,"artificial intelligence","Artificial Intelligence Engineer","Ajanta Pharma Ltd","Mumbai, India","https://www.foundit.in/job/artificial-intelligence-engineer-ajanta-pharma-ltd-mumbai-india-48089351"
73,"artificial intelligence","Artificial Intelligence Architect","Reliance Industries Limited","Navi Mumbai, Mumbai, India","https://www.foundit.in/job/artificial-intelligence-architect-reliance-industries-limited-navi-mumbai-mumbai-india-48111827"
74,"artificial intelligence","Pine Labs - Data Architect - Artificial Intelligence/Machine Learning","Pine Labs","Noida, India","https://www.foundit.in/job/pine-labs-data-architect-artificial-intelligencemachine-learning-pine-labs-noida-india-48070439"
75,"artificial intelligence","Director - Artificial Intelligence Risk Management","American Express","Gurugram, Gurugram, India","https://www.foundit.in/job/director-artificial-intelligence-risk-management-american-express-gurugram-gurugram-india-48092459"
